{
  "api_providers": [
    {
      "name": "sofascore_scraper",
      "type": "sofascore_scraper",
      "api_key": "",
      "priority": 1,
      "enabled": true
    },
    {
      "name": "the_odds_api",
      "type": "the_odds_api",
      "api_key": "29ff449d1ff55188bba5b8d636cfca00",
      "priority": 4,
      "enabled": true
    },
    {
      "name": "api_sports",
      "type": "api_sports",
      "api_key": "3d474a3dc9f2c056783962ea8b047fac",
      "priority": 5,
      "enabled": true
    }
  ]
}